"Abrangência";"Cargo";"Nr";"Candidato";"Partido";"Coligação";"Turno";"Votação";
"AC";"Deputado Federal";"1314";"RAIMUNDO ANGELIM VASCONCELOS";"PT";"PT / PEN / PROS / PDT / PTB / PSL / PTN / PSDC / PHS / PSB / PRP / PPL / PRB / PC do B";"1";"39.844"
"";"";"4040";"CARLOS CESAR CORREIA DE MESSIAS";"PSB";"PT / PEN / PROS / PDT / PTB / PSL / PTN / PSDC / PHS / PSB / PRP / PPL / PRB / PC do B";"1";"26.448"
"";"";"4545";"WHERLES FERNANDES DA ROCHA";"PSDB";"PP / PMDB / PSC / PR / PPS / PTC / PSDB / PSD / PT do B / SD";"1";"23.466"
"";"";"1331";"LEONARDO CUNHA DE BRITO";"PT";"PT / PEN / PROS / PDT / PTB / PSL / PTN / PSDC / PHS / PSB / PRP / PPL / PRB / PC do B";"1";"20.876"
"";"";"1515";"JÉSSICA ROJAS SALES";"PMDB";"PP / PMDB / PSC / PR / PPS / PTC / PSDB / PSD / PT do B / SD";"1";"20.339"
"";"";"1313";"SEBASTIÃO SIBÁ MACHADO OLIVEIRA";"PT";"PT / PEN / PROS / PDT / PTB / PSL / PTN / PSDC / PHS / PSB / PRP / PPL / PRB / PC do B";"1";"18.395"
"";"";"1555";"FLAVIANO FLÁVIO BAPTISTA DE MELO";"PMDB";"PP / PMDB / PSC / PR / PPS / PTC / PSDB / PSD / PT do B / SD";"1";"18.372"
"";"";"1012";"ALAN RICK MIRANDA";"PRB";"PT / PEN / PROS / PDT / PTB / PSL / PTN / PSDC / PHS / PSB / PRP / PPL / PRB / PC do B";"1";"17.903"
"";"";"";"";"";"";"";"185.643"
"AL";"";"7777";"JOÃO HENRIQUE HOLANDA CALDAS";"SD";"PP / PPS / PSDC / PRP / PR / PSL / PSB / SD / DEM";"1";"135.929"
"";"";"1515";"MARX BELTRÃO LIMA SIQUEIRA";"PMDB";"PDT / PSC / PMDB / PV / PTB / PSD / PT do B / PROS / PC do B / PT / PHS";"1";"123.317"
"";"";"4545";"PEDRO TORRES BRANDÃO VILELA";"PSDB";"PSDB / PRB";"1";"119.582"
"";"";"1111";"ARTHUR CESAR PEREIRA DE LIRA";"PP";"PP / PPS / PSDC / PRP / PR / PSL / PSB / SD / DEM";"1";"98.231"
"";"";"1212";"RONALDO AUGUSTO LESSA SANTOS";"PDT";"PDT / PSC / PMDB / PV / PTB / PSD / PT do B / PROS / PC do B / PT / PHS";"1";"88.125"
"";"";"9090";"GIVALDO DE SÁ GOUVEIA CARIMBÃO";"PROS";"PDT / PSC / PMDB / PV / PTB / PSD / PT do B / PROS / PC do B / PT / PHS";"1";"82.582"
"";"";"2266";"MAURÍCIO QUINTELLA MALTA LESSA";"PR";"PP / PPS / PSDC / PRP / PR / PSL / PSB / SD / DEM";"1";"76.706"
"";"";"2800";"JOSE CICERO SOARES DE ALMEIDA";"PRTB";"PRTB / PPL / PMN";"1";"64.435"
"";"";"1313";"PAULO FERNANDO DOS SANTOS";"PT";"PDT / PSC / PMDB / PV / PTB / PSD / PT do B / PROS / PC do B / PT / PHS";"1";"53.284"
"";"";"";"";"";"";"";"842.191"
"AM";"";"4545";"ARTHUR VIRGILIO DO CARMO RIBEIRO BISNETO";"PSDB";"PROS / DEM / PSDB / PR / PTN / PSC / PT do B / PTC / PRTB / PEN / PV / PHS / PSL / PSD / SD";"1";"250.916"
"";"";"5555";"SILAS CAMARA";"PSD";"PROS / DEM / PSDB / PR / PTN / PSC / PT do B / PTC / PRTB / PEN / PV / PHS / PSL / PSD / SD";"1";"166.281"
"";"";"2222";"ALFREDO PEREIRA DO NASCIMENTO";"PR";"PROS / DEM / PSDB / PR / PTN / PSC / PT do B / PTC / PRTB / PEN / PV / PHS / PSL / PSD / SD";"1";"120.060"
"";"";"1515";"MARCOS SERGIO ROTTA";"PMDB";"PMDB / PP / PT / PDT / PTB / PPS / PRB / PSDC / PPL / PC do B";"1";"117.955"
"";"";"2323";"HISSA NAGIB ABRAHÃO FILHO";"PPS";"PMDB / PP / PT / PDT / PTB / PPS / PRB / PSDC / PPL / PC do B";"1";"113.646"
"";"";"2525";"PAUDERNEY TOMAZ AVELINO";"DEM";"PROS / DEM / PSDB / PR / PTN / PSC / PT do B / PTC / PRTB / PEN / PV / PHS / PSL / PSD / SD";"1";"103.904"
"";"";"5525";"ATILA SIDNEY LINS DE ALBUQUERQUE";"PSD";"PROS / DEM / PSDB / PR / PTN / PSC / PT do B / PTC / PRTB / PEN / PV / PHS / PSL / PSD / SD";"1";"89.453"
"";"";"1122";"MARIA DA CONCEIÇÃO SAMPAIO MOURA";"PP";"PMDB / PP / PT / PDT / PTB / PPS / PRB / PSDC / PPL / PC do B";"1";"71.878"
"";"";"";"";"";"";"";"1.034.093"
"AP";"";"1212";"ANTÔNIO ROBERTO RODRIGUES GÓES DA SILVA";"PDT";"PP / PDT / PMDB";"1";"22.134"
"";"";"4040";"JANETE MARIA GÓES CAPIBERIBE";"PSB";"PSB / PT / PSOL / PC do B";"1";"21.108"
"";"";"1512";"LUIZ GIONILSON PINHEIRO BORGES";"PMDB";"PP / PDT / PMDB";"1";"18.709"
"";"";"2222";"VINÍCIUS DE AZEVEDO GURGEL";"PR";"PR / PRB / PHS / PROS / PSDC / PEN / PV / PT do B";"1";"18.661"
"";"";"1312";"MARCIVANIA DO SOCORRO DA ROCHA FLEXA";"PT";"PSB / PT / PSOL / PC do B";"1";"16.162"
"";"";"1010";"ANDRÉ DOS SANTOS ABDON";"PRB";"PR / PRB / PHS / PROS / PSDC / PEN / PV / PT do B";"1";"13.798"
"";"";"2020";"MARCOS JOSE REATEGUI SOUZA";"PSC";"PTB / PSC / PPS / PRTB / PMN / PTC / PRP / PPL";"1";"12.485"
"";"";"1478";"JOZIANE ARAUJO NASCIMENTO ROCHA";"PTB";"PTB / PSC / PPS / PRTB / PMN / PTC / PRP / PPL";"1";"10.007"
"";"";"";"";"";"";"";"133.064"
"BA";"";"1518";"LUCIO QUADROS VIEIRA LIMA";"PMDB";"DEM / PMDB / PSDB / PTN / SD / PROS / PRB / PSC";"1";"222.164"
"";"";"1111";"MÁRIO SÍLVIO MENDES NEGROMONTE JÚNIOR";"PP";"PP / PDT / PT / PTB / PR / PSD / PC do B";"1";"169.215"
"";"";"2020";"ANTONIO LAZARO SILVA";"PSC";"DEM / PMDB / PSDB / PTN / SD / PROS / PRB / PSC";"1";"161.438"
"";"";"1410";"ANTONIO LUIZ PARANHOS RIBEIRO LEITE DE BRITO";"PTB";"PP / PDT / PT / PTB / PR / PSD / PC do B";"1";"159.840"
"";"";"1144";"RONALDO CARLETTO";"PP";"PP / PDT / PT / PTB / PR / PSD / PC do B";"1";"148.628"
"";"";"6565";"DANIEL GOMES DE ALMEIDA";"PC do B";"PP / PDT / PT / PTB / PR / PSD / PC do B";"1";"135.382"
"";"";"1234";"FELIX DE ALMEIDA MENDONÇA JUNIOR";"PDT";"PP / PDT / PT / PTB / PR / PSD / PC do B";"1";"130.583"
"";"";"1300";"LUIZ CARLOS CAETANO";"PT";"PP / PDT / PT / PTB / PR / PSD / PC do B";"1";"125.862"
"";"";"1115";"CARLOS FELIPE VAZQUEZ DE SOUZA LEÃO";"PP";"PP / PDT / PT / PTB / PR / PSD / PC do B";"1";"125.605"
"";"";"1313";"JORGE JOSÉ SANTOS PEREIRA SOLLA";"PT";"PP / PDT / PT / PTB / PR / PSD / PC do B";"1";"125.159"
"";"";"1310";"VALMIR CARLOS DA ASSUNÇÃO";"PT";"PP / PDT / PT / PTB / PR / PSD / PC do B";"1";"123.284"
"";"";"4555";"ANTONIO JOSÉ IMBASSAHY DA SILVA";"PSDB";"DEM / PMDB / PSDB / PTN / SD / PROS / PRB / PSC";"1";"120.479"
"";"";"4567";"JOÃO GUALBERTO VASCONCELOS";"PSDB";"DEM / PMDB / PSDB / PTN / SD / PROS / PRB / PSC";"1";"117.671"
"";"";"1010";"MÁRCIO CARLOS MARINHO";"PRB";"DEM / PMDB / PSDB / PTN / SD / PROS / PRB / PSC";"1";"117.470"
"";"";"1012";"ERONILDES VASCONCELOS CARVALHO";"PRB";"DEM / PMDB / PSDB / PTN / SD / PROS / PRB / PSC";"1";"116.912"
"";"";"1322";"WALDENOR ALVES PEREIRA FILHO";"PT";"PP / PDT / PT / PTB / PR / PSD / PC do B";"1";"114.965"
"";"";"2288";"JOÃO CARLOS PAOLILO BACELAR FILHO";"PR";"PP / PDT / PT / PTB / PR / PSD / PC do B";"1";"111.643"
"";"";"1346";"NELSON VICENTE PORTELA PELLEGRINO";"PT";"PP / PDT / PT / PTB / PR / PSD / PC do B";"1";"111.252"
"";"";"1123";"ROBERTO PEREIRA DE BRITTO";"PP";"PP / PDT / PT / PTB / PR / PSD / PC do B";"1";"110.822"
"";"";"2526";"PAULO VELLOSO DANTAS AZI";"DEM";"DEM / PMDB / PSDB / PTN / SD / PROS / PRB / PSC";"1";"110.662"
"";"";"4545";"JUTAHY MAGALHÃES JUNIOR";"PSDB";"DEM / PMDB / PSDB / PTN / SD / PROS / PRB / PSC";"1";"108.476"
"";"";"5577";"JOSÉ NUNES SOARES";"PSD";"PP / PDT / PT / PTB / PR / PSD / PC do B";"1";"105.776"
"";"";"2555";"JOSÉ CARLOS ALELUIA COSTA";"DEM";"DEM / PMDB / PSDB / PTN / SD / PROS / PRB / PSC";"1";"101.924"
"";"";"2222";"JOSÉ ALVES ROCHA";"PR";"PP / PDT / PT / PTB / PR / PSD / PC do B";"1";"101.663"
"";"";"1312";"JOSIAS GOMES DA SILVA";"PT";"PP / PDT / PT / PTB / PR / PSD / PC do B";"1";"98.871"
"";"";"4013";"ADALBERTO SOUZA GALVAO";"PSB";"PSB / PSL / PPL";"1";"96.134"
"";"";"7712";"ARTHUR DE OLIVEIRA MAIA DA SILVA";"SD";"DEM / PMDB / PSDB / PTN / SD / PROS / PRB / PSC";"1";"95.698"
"";"";"1919";"JOAO CARLOS BACELAR BATISTA";"PTN";"DEM / PMDB / PSDB / PTN / SD / PROS / PRB / PSC";"1";"95.158"
"";"";"2522";"CLAUDIO CAJADO SAMPAIO";"DEM";"DEM / PMDB / PSDB / PTN / SD / PROS / PRB / PSC";"1";"89.118"
"";"";"2552";"ELMAR JOSÉ VIEIRA NASCIMENTO";"DEM";"DEM / PMDB / PSDB / PTN / SD / PROS / PRB / PSC";"1";"88.334"
"";"";"5580";"SERGIO LUIS LACERDA BRITO";"PSD";"PP / PDT / PT / PTB / PR / PSD / PC do B";"1";"83.658"
"";"";"1301";"AFONSO BANDEIRA FLORENCE";"PT";"PP / PDT / PT / PTB / PR / PSD / PC do B";"1";"82.661"
"";"";"1363";"MOEMA ISABEL PASSOS GRAMACHO";"PT";"PP / PDT / PT / PTB / PR / PSD / PC do B";"1";"81.414"
"";"";"5529";"PAULO SERGIO PARANHOS DE MAGALHÃES";"PSD";"PP / PDT / PT / PTB / PR / PSD / PC do B";"1";"77.045"
"";"";"2012";"ERIVELTON LIMA SANTANA";"PSC";"DEM / PMDB / PSDB / PTN / SD / PROS / PRB / PSC";"1";"74.836"
"";"";"6522";"ALICE MAZZUCO PORTUGAL";"PC do B";"PP / PDT / PT / PTB / PR / PSD / PC do B";"1";"72.682"
"";"";"5500";"JOSÉ CARLOS LEÃO DE ARAUJO";"PSD";"PP / PDT / PT / PTB / PR / PSD / PC do B";"1";"72.013"
"";"";"1400";"BENITO DA GAMA SANTOS";"PTB";"PP / PDT / PT / PTB / PR / PSD / PC do B";"1";"71.372"
"";"";"3637";"ULDURICO ALENCAR PINTO";"PTC";"PPS / PSDC / PTC / PV / PRP / PT do B";"1";"39.904"
"";"";"";"";"";"";"";"4.295.773"
"CE";"";"2525";"MORONI BING TORGAN";"DEM";"DEM / PPS / PSDC / PTN";"1";"277.774"
"";"";"7777";"GENECIAS MATEUS NORONHA";"SD";"PRB / PP / PDT / PT / PTB / PSL / PHS / PSD / PC do B / SD / PROS";"1";"221.567"
"";"";"1322";"JOSE NOBRE GUIMARÃES";"PT";"PRB / PP / PDT / PT / PTB / PSL / PHS / PSD / PC do B / SD / PROS";"1";"209.032"
"";"";"9090";"DOMINGOS GOMES DE AGUIAR NETO";"PROS";"PRB / PP / PDT / PT / PTB / PSL / PHS / PSD / PC do B / SD / PROS";"1";"185.226"
"";"";"1513";"FRANCISCO DANILO BASTOS FORTE";"PMDB";"PMDB / PSC / PR / PRP / PSDB";"1";"180.157"
"";"";"1500";"ANIBAL FERREIRA GOMES";"PMDB";"PMDB / PSC / PR / PRP / PSDB";"1";"173.736"
"";"";"2323";"MOSES HAENDEL MELO RODRIGUES";"PPS";"DEM / PPS / PSDC / PTN";"1";"147.044"
"";"";"2233";"MARIA GORETE PEREIRA";"PR";"PMDB / PSC / PR / PRP / PSDB";"1";"130.983"
"";"";"1313";"LUIZIANNE DE OLIVEIRA LINS";"PT";"PRB / PP / PDT / PT / PTB / PSL / PHS / PSD / PC do B / SD / PROS";"1";"130.717"
"";"";"1234";"ANDRE PEIXOTO FIGUEIREDO LIMA";"PDT";"PRB / PP / PDT / PT / PTB / PSL / PHS / PSD / PC do B / SD / PROS";"1";"125.360"
"";"";"1331";"LUIZ ODORICO MONTEIRO DE ANDRADE";"PT";"PRB / PP / PDT / PT / PTB / PSL / PHS / PSD / PC do B / SD / PROS";"1";"121.640"
"";"";"2290";"FLAVIO ALVES SABINO";"PR";"PMDB / PSC / PR / PRP / PSDB";"1";"120.485"
"";"";"1010";"RONALDO MANCHADO MARTINS";"PRB";"PRB / PP / PDT / PT / PTB / PSL / PHS / PSD / PC do B / SD / PROS";"1";"117.930"
"";"";"3131";"JOSE ADAIL CARNEIRO SILVA";"PHS";"PRB / PP / PDT / PT / PTB / PSL / PHS / PSD / PC do B / SD / PROS";"1";"113.885"
"";"";"1777";"JOSE MARIA MACEDO JUNIOR";"PSL";"PRB / PP / PDT / PT / PTB / PSL / PHS / PSD / PC do B / SD / PROS";"1";"107.734"
"";"";"4511";"RAIMUNDO GOMES DE MATOS";"PSDB";"PMDB / PSC / PR / PRP / PSDB";"1";"95.145"
"";"";"1333";"JOSE AIRTON FELIX CIRILO DA SILVA";"PT";"PRB / PP / PDT / PT / PTB / PSL / PHS / PSD / PC do B / SD / PROS";"1";"94.056"
"";"";"1590";"VITOR PEREIRA VALIM";"PMDB";"PMDB / PSC / PR / PRP / PSDB";"1";"92.499"
"";"";"9099";"JOSE LEONIDAS DE MENEZES CRISTINO";"PROS";"PRB / PP / PDT / PT / PTB / PSL / PHS / PSD / PC do B / SD / PROS";"1";"91.085"
"";"";"9000";"ANTONIO BALHMANN CARDOSO NUNES FILHO";"PROS";"PRB / PP / PDT / PT / PTB / PSL / PHS / PSD / PC do B / SD / PROS";"1";"87.666"
"";"";"1451";"JOSE ARNON CRUZ BEZERRA DE MENEZES";"PTB";"PRB / PP / PDT / PT / PTB / PSL / PHS / PSD / PC do B / SD / PROS";"1";"84.474"
"";"";"6565";"FRANCISCO LOPES DA SILVA";"PC do B";"PRB / PP / PDT / PT / PTB / PSL / PHS / PSD / PC do B / SD / PROS";"1";"80.578"
"";"";"";"";"";"";"";"2.988.773"
"DF";"";"2525";"JOÃO ALBERTO FRAGA SILVA";"DEM";"PR / PTB / PRTB / PMN / DEM";"1";"155.056"
"";"";"5555";"ROGERIO SCHUMANN ROSSO";"PSD";"PSB / SD / PDT / PSD";"1";"93.653"
"";"";"1331";"ÉRIKA JUCÁ KOKAY";"PT";"PT / PRB / PC do B / PP / PSC / PROS";"1";"92.558"
"";"";"9090";"RONALDO FONSECA DE SOUZA";"PROS";"PT / PRB / PC do B / PP / PSC / PROS";"1";"84.583"
"";"";"1515";"RÔNEY TÂNIOS NEMER";"PMDB";"PMDB / PT do B / PRP / PHS / PEN / PV / PTN / PPL / PSL / PTC";"1";"82.594"
"";"";"4545";"IZALCI LUCAS FERREIRA";"PSDB";"PSDB / PPS / PSDC";"1";"71.937"
"";"";"7777";"AUGUSTO SILVEIRA DE CARVALHO";"SD";"PSB / SD / PDT / PSD";"1";"39.461"
"";"";"2222";"LAERTE RODRIGUES DE BESSA";"PR";"PR / PTB / PRTB / PMN / DEM";"1";"32.843"
"";"";"";"";"";"";"";"652.685"
"ES";"";"1212";"ANTONIO SERGIO ALVES VIDIGAL";"PDT";"PDT / PT";"1";"161.744"
"";"";"1515";"WELINGTON COIMBRA";"PMDB";"PMDB / DEM / PSDB / SD / PROS";"1";"94.759"
"";"";"4500";"MAX FREITAS MAURO FILHO";"PSDB";"PMDB / DEM / PSDB / SD / PROS";"1";"91.210"
"";"";"4040";"PAULO ROBERTO FOLETTO";"PSB";"PRTB / PSB / PSL / PTN";"1";"88.110"
"";"";"1350";"HELDER IGNACIO SALOMAO";"PT";"PDT / PT";"1";"83.967"
"";"";"9090";"JORGE SILVA";"PROS";"PMDB / DEM / PSDB / SD / PROS";"1";"69.880"
"";"";"7777";"CARLOS HUMBERTO MANNATO";"SD";"PMDB / DEM / PSDB / SD / PROS";"1";"67.631"
"";"";"1320";"GIVALDO VIEIRA DA SILVA";"PT";"PDT / PT";"1";"50.928"
"";"";"4343";"EVAIR VIEIRA DE MELO";"PV";"PRB / PP / PTB / PHS / PPS / PSD / PV";"1";"48.829"
"";"";"1145";"MARCUS ANTÔNIO VICENTE";"PP";"PRB / PP / PTB / PHS / PPS / PSD / PV";"1";"45.525"
"";"";"";"";"";"";"";"802.583"
"GO";"";"4500";"WALDIR SOARES DE OLIVEIRA";"PSDB";"PSDB / PP / PR / PSD / PTB / PDT / PPS / PROS / PRB";"1";"274.625"
"";"";"1510";"DANIEL ELIAS CARVALHO VILELA";"PMDB";"PMDB / DEM / SD / PC do B / PRTB / PTN / PPL";"1";"179.214"
"";"";"1212";"FLAVIA CARREIRO ALBUQUERQUE MORAIS";"PDT";"PSDB / PP / PR / PSD / PTB / PDT / PPS / PROS / PRB";"1";"159.122"
"";"";"4545";"GIUSEPPE VECCI";"PSDB";"PSDB / PP / PR / PSD / PTB / PDT / PPS / PROS / PRB";"1";"120.283"
"";"";"2222";"MAGDA MOFATTO HON";"PR";"PSDB / PP / PR / PSD / PTB / PDT / PPS / PROS / PRB";"1";"118.458"
"";"";"1313";"RUBENS OTONI GOMIDE";"PT";"PT";"1";"115.874"
"";"";"4599";"CÉLIO ANTÔNIO DA SILVEIRA";"PSDB";"PSDB / PP / PR / PSD / PTB / PDT / PPS / PROS / PRB";"1";"110.992"
"";"";"4555";"ALEXANDRE BALDY DE SANT'ANNA BRAGA";"PSDB";"PSDB / PP / PR / PSD / PTB / PDT / PPS / PROS / PRB";"1";"107.544"
"";"";"4565";"JOAO CAMPOS DE ARAUJO";"PSDB";"PSDB / PP / PR / PSD / PTB / PDT / PPS / PROS / PRB";"1";"107.344"
"";"";"1414";"JOVAIR OLIVEIRA ARANTES";"PTB";"PSDB / PP / PR / PSD / PTB / PDT / PPS / PROS / PRB";"1";"92.945"
"";"";"2345";"MARCOS ABRAO RORIZ SOARES DE CARVALHO";"PPS";"PSDB / PP / PR / PSD / PTB / PDT / PPS / PROS / PRB";"1";"92.347"
"";"";"5500";"HEULER ABREU CRUVINEL";"PSD";"PSDB / PP / PR / PSD / PTB / PDT / PPS / PROS / PRB";"1";"90.877"
"";"";"1105";"ROBERTO EGIDIO BALESTRA";"PP";"PSDB / PP / PR / PSD / PTB / PDT / PPS / PROS / PRB";"1";"85.534"
"";"";"4578";"FÁBIO FERNANDES DE SOUSA";"PSDB";"PSDB / PP / PR / PSD / PTB / PDT / PPS / PROS / PRB";"1";"82.204"
"";"";"5545";"THIAGO MELLO PEIXOTO DA SILVEIRA";"PSD";"PSDB / PP / PR / PSD / PTB / PDT / PPS / PROS / PRB";"1";"79.666"
"";"";"7777";"LUCAS DE CASTRO SANTOS";"SD";"PMDB / DEM / SD / PC do B / PRTB / PTN / PPL";"1";"78.387"
"";"";"1580";"PEDRO PINHEIRO CHAVES";"PMDB";"PMDB / DEM / SD / PC do B / PRTB / PTN / PPL";"1";"77.925"
"";"";"";"";"";"";"";"1.973.341"
"MA";"";"2323";"ELIZIANE PEREIRA GAMA FERREIRA";"PPS";"SD / PP / PC do B / PPS / PSDB / PSB";"1";"133.575"
"";"";"1513";"HILDO AUGUSTO DA ROCHA NETO";"PMDB";"PMDB / DEM / PTB / PV / PRB / PR";"1";"125.521"
"";"";"6565";"RUBENS PEREIRA E SILVA JUNIOR";"PC do B";"SD / PP / PC do B / PPS / PSDB / PSB";"1";"118.115"
"";"";"1010";"CLEBER VERDE CORDEIRO MENDES";"PRB";"PMDB / DEM / PTB / PV / PRB / PR";"1";"105.243"
"";"";"4321";"JOSÉ SARNEY FILHO";"PV";"PMDB / DEM / PTB / PV / PRB / PR";"1";"91.669"
"";"";"1300";"JOSE  CARLOS NUNES JUNIOR";"PT";"PT / PSD";"1";"90.531"
"";"";"4040";"JOSÉ REINALDO CARNEIRO TAVARES";"PSB";"SD / PP / PC do B / PPS / PSDB / PSB";"1";"86.728"
"";"";"1414";"PEDRO FERNANDES RIBEIRO";"PTB";"PMDB / DEM / PTB / PV / PRB / PR";"1";"85.507"
"";"";"4356";"CARLOS VICTOR GUTERRES MENDES";"PV";"PMDB / DEM / PTB / PV / PRB / PR";"1";"85.034"
"";"";"4410";"JOSE JUSCELINO DOS SANTOS REZENDE FILHO";"PRP";"PSL / PSDC / PRP / PTN / PRTB";"1";"83.955"
"";"";"1555";"JOÃO MARCELO SANTOS SOUSA";"PMDB";"PMDB / DEM / PTB / PV / PRB / PR";"1";"83.847"
"";"";"1212";"WEVERTON ROCHA MARQUES DE SOUSA";"PDT";"PDT / PTC / PROS";"1";"81.161"
"";"";"1522";"JOSÉ ALBERTO OLIVEIRA VELOSO FILHO";"PMDB";"PMDB / DEM / PTB / PV / PRB / PR";"1";"67.885"
"";"";"1111";"WALDIR MARANHÃO CARDOSO";"PP";"SD / PP / PC do B / PPS / PSDB / PSB";"1";"66.274"
"";"";"5151";"ANDRÉ LUIS CARVALHO RIBEIRO";"PEN";"PEN / PMN / PHS / PSC / PT do B";"1";"56.879"
"";"";"4555";"JOÃO CASTELO RIBEIRO GONÇALVES";"PSDB";"SD / PP / PC do B / PPS / PSDB / PSB";"1";"52.783"
"";"";"5122";"ANTONIO DA CRUZ FILGUEIRA JUNIOR";"PEN";"PEN / PMN / PHS / PSC / PT do B";"1";"50.962"
"";"";"2727";"ALUISIO GUIMARÃES MENDES FILHO";"PSDC";"PSL / PSDC / PRP / PTN / PRTB";"1";"50.658"
"";"";"";"";"";"";"";"1.516.327"
"MG";"";"1312";"REGINALDO LÁZARO DE OLIVEIRA LOPES";"PT";"PT / PMDB / PC do B / PROS / PRB";"1";"310.226"
"";"";"4550";"RODRIGO BATISTA DE CASTRO";"PSDB";"DEM / PSDB / PP / PR / PSD / SD";"1";"292.848"
"";"";"2505";"MISAEL ARTUR FERREIRA VARELLA";"DEM";"DEM / PSDB / PP / PR / PSD / SD";"1";"258.363"
"";"";"1307";"ODAIR JOSE DA CUNHA";"PT";"PT / PMDB / PC do B / PROS / PRB";"1";"201.782"
"";"";"1311";"GABRIEL GUIMARÃES DE ANDRADE";"PT";"PT / PMDB / PC do B / PROS / PRB";"1";"200.014"
"";"";"1391";"WELITON FERNANDES PRADO";"PT";"PT / PMDB / PC do B / PROS / PRB";"1";"186.098"
"";"";"1199";"ODELMO LEÃO CARNEIRO SOBRINHO";"PP";"DEM / PSDB / PP / PR / PSD / SD";"1";"179.652"
"";"";"1433";"EROS FERREIRA BIONDINI";"PTB";"PTB / PMN";"1";"179.073"
"";"";"5550";"JAIME MARTINS FILHO";"PSD";"DEM / PSDB / PP / PR / PSD / SD";"1";"158.907"
"";"";"1122";"ANTÔNIO PINHEIRO JÚNIOR";"PP";"DEM / PSDB / PP / PR / PSD / SD";"1";"148.239"
"";"";"1333";"PATRUS ANANIAS DE SOUSA";"PT";"PT / PMDB / PC do B / PROS / PRB";"1";"147.175"
"";"";"1010";"GEORGE HILTON DOS SANTOS CECILIO";"PRB";"PT / PMDB / PC do B / PROS / PRB";"1";"146.792"
"";"";"4044";"STEFANO AGUIAR DOS SANTOS";"PSB";"PSB / PPL / PRTB";"1";"144.153"
"";"";"4560";"DOMINGOS SAVIO CAMPOS RESENDE";"PSDB";"DEM / PSDB / PP / PR / PSD / SD";"1";"143.901"
"";"";"4555";"MARCUS VINICIUS CAETANO PESTANA DA SILVA";"PSDB";"DEM / PSDB / PP / PR / PSD / SD";"1";"131.687"
"";"";"4535";"EDUARDO LUIZ BARROS BARBOSA";"PSDB";"DEM / PSDB / PP / PR / PSD / SD";"1";"130.453"
"";"";"1511";"MAURO RIBEIRO LOPES";"PMDB";"PT / PMDB / PC do B / PROS / PRB";"1";"129.795"
"";"";"1111";"DIMAS FABIANO TOLEDO JÚNIOR";"PP";"DEM / PSDB / PP / PR / PSD / SD";"1";"129.096"
"";"";"1510";"NEWTON CARDOSO JÚNIOR";"PMDB";"PT / PMDB / PC do B / PROS / PRB";"1";"128.489"
"";"";"2245";"OLAVO BILAC PINTO NETO";"PR";"DEM / PSDB / PP / PR / PSD / SD";"1";"123.377"
"";"";"1500";"LEONARDO LEMOS BARROS QUINTÃO";"PMDB";"PT / PMDB / PC do B / PROS / PRB";"1";"118.470"
"";"";"1145";"LUIZ FERNANDO RAMOS FARIA";"PP";"DEM / PSDB / PP / PR / PSD / SD";"1";"117.542"
"";"";"5545";"MARCOS MONTES CORDEIRO";"PSD";"DEM / PSDB / PP / PR / PSD / SD";"1";"116.175"
"";"";"1363";"JOSE LEONARDO COSTA MONTEIRO";"PT";"PT / PMDB / PC do B / PROS / PRB";"1";"115.336"
"";"";"7070";"LUIS HENRIQUE DE OLIVEIRA RESENDE";"PT do B";"PT do B / PRP / PHS / PEN";"1";"114.948"
"";"";"5555";"DIEGO LEONARDO DE ANDRADE CARVALHO";"PSD";"DEM / PSDB / PP / PR / PSD / SD";"1";"114.240"
"";"";"1315";"JOÃO CARLOS SIQUEIRA";"PT";"PT / PMDB / PC do B / PROS / PRB";"1";"112.722"
"";"";"1590";"JOSÉ SARAIVA FELIPE";"PMDB";"PT / PMDB / PC do B / PROS / PRB";"1";"111.317"
"";"";"7777";"JOSÉ SILVA SOARES";"SD";"DEM / PSDB / PP / PR / PSD / SD";"1";"109.925"
"";"";"1121";"RENZO DO AMARAL BRAZ";"PP";"DEM / PSDB / PP / PR / PSD / SD";"1";"109.510"
"";"";"2555";"CARLOS DO CARMO ANDRADE MELLES";"DEM";"DEM / PSDB / PP / PR / PSD / SD";"1";"107.906"
"";"";"4545";"PAULO ABI-ACKEL";"PSDB";"DEM / PSDB / PP / PR / PSD / SD";"1";"104.849"
"";"";"4520";"CAIO NARCIO RODRIGUES DA SILVEIRA";"PSDB";"DEM / PSDB / PP / PR / PSD / SD";"1";"101.040"
"";"";"2233";"LINCOLN DINIZ PORTELA";"PR";"DEM / PSDB / PP / PR / PSD / SD";"1";"98.834"
"";"";"2010";"TANIA RAQUEL DE QUEIROZ MUNIZ";"PSC";"PSC / PTC / PSL";"1";"96.073"
"";"";"1231";"LUIZ GONZAGA RIBEIRO";"PDT";"PPS / PV / PDT";"1";"93.997"
"";"";"1330";"MIGUEL CORREA DA SILVA JUNIOR";"PT";"PT / PMDB / PC do B / PROS / PRB";"1";"93.450"
"";"";"1515";"RODRIGO OTAVIO SOARES PACHECO";"PMDB";"PT / PMDB / PC do B / PROS / PRB";"1";"92.743"
"";"";"2222";"AELTON JOSÉ DE FREITAS";"PR";"DEM / PSDB / PP / PR / PSD / SD";"1";"91.103"
"";"";"1234";"MARIO LUCIO HERINGER";"PDT";"PPS / PV / PDT";"1";"90.738"
"";"";"3133";"MARCELO GUILHERME DE ARO FERREIRA";"PHS";"PT do B / PRP / PHS / PEN";"1";"87.113"
"";"";"4050";"JULIO CESAR DELGADO";"PSB";"PSB / PPL / PRTB";"1";"86.245"
"";"";"4566";"BONIFÁCIO JOSÉ TAMM DE ANDRADA";"PSDB";"DEM / PSDB / PP / PR / PSD / SD";"1";"83.628"
"";"";"4311";"FABIO AUGUSTO RAMALHO DOS SANTOS";"PV";"PPS / PV / PDT";"1";"83.567"
"";"";"1314";"MARIA MARGARIDA MARTINS SALOMÃO";"PT";"PT / PMDB / PC do B / PROS / PRB";"1";"78.973"
"";"";"1580";"LAUDIVIO ALVARENGA CARVALHO";"PMDB";"PT / PMDB / PC do B / PROS / PRB";"1";"78.762"
"";"";"6565";"MARIA DO SOCORRO JÔ MORAES";"PC do B";"PT / PMDB / PC do B / PROS / PRB";"1";"67.650"
"";"";"4010";"SÉRGIO LUCIO DE ALMEIDA";"PSB";"PSB / PPL / PRTB";"1";"67.459"
"";"";"4433";"MARCELO HENRIQUE TEIXEIRA DIAS";"PRP";"PT do B / PRP / PHS / PEN";"1";"60.384"
"";"";"7012";"FRANKLIN ROBERTO DE LIMA SOUZA";"PT do B";"PT do B / PRP / PHS / PEN";"1";"58.085"
"";"";"3333";"DÂMINA DE CARVALHO PEREIRA";"PMN";"PTB / PMN";"1";"52.679"
"";"";"1907";"EDSON MOREIRA DA SILVA";"PTN";"PTN / PSDC";"1";"49.391"
"";"";"3645";"BRUNIELE FERREIRA DA SILVA";"PTC";"PSC / PTC / PSL";"1";"45.381"
"";"";"";"";"";"";"";"6.480.355"
"MS";"";"1313";"JOSÉ ORCÍRIO MIRANDA DOS SANTOS";"PT";"PT / PR / PDT / PROS / PTC / PC do B / PTB / PSDC";"1";"160.556"
"";"";"1515";"CARLOS EDUARDO XAVIER MARUN";"PMDB";"PMDB / PSB / PRB / PTN / PEN / PSC";"1";"91.816"
"";"";"1511";"GERALDO RESENDE PEREIRA";"PMDB";"PMDB / PSB / PRB / PTN / PEN / PSC";"1";"87.546"
"";"";"4040";"TEREZA CRISTINA CORREA DA COSTA DIAS";"PSB";"PMDB / PSB / PRB / PTN / PEN / PSC";"1";"75.149"
"";"";"1331";"VANDER LUIZ DOS SANTOS LOUBET";"PT";"PT / PR / PDT / PROS / PTC / PC do B / PTB / PSDC";"1";"69.504"
"";"";"2555";"LUIZ HENRIQUE MANDETTA";"DEM";"PSDB / DEM / PSD / SD / PPS / PMN";"1";"57.374"
"";"";"4545";"MARCIO CAMPOS MONTEIRO";"PSDB";"PSDB / DEM / PSD / SD / PPS / PMN";"1";"56.441"
"";"";"1234";"DAGOBERTO NOGUEIRA FILHO";"PDT";"PT / PR / PDT / PROS / PTC / PC do B / PTB / PSDC";"1";"54.813"
"";"";"";"";"";"";"";"653.199"
"MT";"";"4500";"NILSON APARECIDO LEITÃO";"PSDB";"PDT / PP / DEM / PSDB / PSB / PPS / PTB / PSC / PSL / PRB";"1";"127.749"
"";"";"4045";"ADILTON DOMINGOS SACHETTI";"PSB";"PDT / PP / DEM / PSDB / PSB / PPS / PTB / PSC / PSL / PRB";"1";"112.722"
"";"";"4010";"FABIO PAULINO GARCIA";"PSB";"PDT / PP / DEM / PSDB / PSB / PPS / PTB / PSC / PSL / PRB";"1";"104.976"
"";"";"1313";"SÁGUAS MORAES SOUSA";"PT";"PT / PMDB / PROS / PR";"1";"97.858"
"";"";"1515";"CARLOS GOMES BEZERRA";"PMDB";"PT / PMDB / PROS / PR";"1";"95.739"
"";"";"1111";"EZEQUIEL ANGELO FONSECA";"PP";"PDT / PP / DEM / PSDB / PSB / PPS / PTB / PSC / PSL / PRB";"1";"90.888"
"";"";"2020";"VICTÓRIO GALLI FILHO";"PSC";"PDT / PP / DEM / PSDB / PSB / PPS / PTB / PSC / PSL / PRB";"1";"64.691"
"";"";"9090";"VALTENIR LUIZ PEREIRA";"PROS";"PT / PMDB / PROS / PR";"1";"62.923"
"";"";"";"";"";"";"";"757.546"
"PA";"";"5500";"ÉDER MAURO CARDOSO BARRA";"PSD";"PSDB / PSD / PSB / PP / PSC / PTB / PPS / PT do B / PTC";"1";"265.983"
"";"";"4590";"NILSON PINTO DE OLIVEIRA";"PSDB";"PSDB / PSD / PSB / PP / PSC / PTB / PPS / PT do B / PTC";"1";"193.573"
"";"";"5050";"EDMILSON BRITO RODRIGUES";"PSOL";"PSOL / PSTU";"1";"170.604"
"";"";"2222";"LUCIO DUTRA VALE";"PR";"PR / DEM / PHS / PROS / PC do B / PSL / PDT / PPL";"1";"148.163"
"";"";"1313";"JOSE ROBERTO OLIVEIRA FARO";"PT";"PMDB / PT";"1";"142.970"
"";"";"7777";"WLADIMIR AFONSO DA COSTA RABELO";"SD";"PRB / SD";"1";"141.213"
"";"";"1456";"JOSUÉ BENGTSON";"PTB";"PSDB / PSD / PSB / PP / PSC / PTB / PPS / PT do B / PTC";"1";"122.995"
"";"";"1555";"JOSÉ BENITO PRIANTE JUNIOR";"PMDB";"PMDB / PT";"1";"122.348"
"";"";"1321";"JOSE GERALDO TORRES DA SILVA";"PT";"PMDB / PT";"1";"105.151"
"";"";"9010";"ROBERTO SALAME FILHO";"PROS";"PR / DEM / PHS / PROS / PC do B / PSL / PDT / PPL";"1";"93.524"
"";"";"1515";"ELCIONE THEREZINHA ZAHLUTH BARBALHO";"PMDB";"PMDB / PT";"1";"87.632"
"";"";"2020";"JULIA MARIA GODINHO DA CRUZ MARINHO";"PSC";"PSDB / PSD / PSB / PP / PSC / PTB / PPS / PT do B / PTC";"1";"86.949"
"";"";"2525";"HELIO LEITE DA SILVA";"DEM";"PR / DEM / PHS / PROS / PC do B / PSL / PDT / PPL";"1";"85.194"
"";"";"1588";"SIMONE MARIA MORGADO FERREIRA";"PMDB";"PMDB / PT";"1";"76.510"
"";"";"5555";"JOAQUIM PASSARINHO PINTO DE SOUZA";"PSD";"PSDB / PSD / PSB / PP / PSC / PTB / PPS / PT do B / PTC";"1";"76.148"
"";"";"2323";"ARNALDO JORDY FIGUEIREDO";"PPS";"PSDB / PSD / PSB / PP / PSC / PTB / PPS / PT do B / PTC";"1";"70.950"
"";"";"5577";"FRANCISCO ALVES DE AGUIAR";"PSD";"PSDB / PSD / PSB / PP / PSC / PTB / PPS / PT do B / PTC";"1";"63.671"
"";"";"";"";"";"";"";"2.053.578"
"PB";"";"4510";"PEDRO OLIVEIRA CUNHA LIMA";"PSDB";"PSDB / PEN / PR / PTB / PSD / SD / PMN / PPS / PT do B / PTN / PRB / PSDC / PSC / PP";"1";"179.886"
"";"";"1510";"VENEZIANO VITAL DO RÊGO SEGUNDO NETO";"PMDB";"PMDB";"1";"177.680"
"";"";"1111";"AGUINALDO VELLOSO BORGES RIBEIRO";"PP";"PSDB / PEN / PR / PTB / PSD / SD / PMN / PPS / PT do B / PTN / PRB / PSDC / PSC / PP";"1";"161.999"
"";"";"1522";"HUGO MOTTA WANDERLEY DA NOBREGA";"PMDB";"PMDB";"1";"123.686"
"";"";"1515";"MANOEL ALVES DA SILVA JUNIOR";"PMDB";"PMDB";"1";"105.693"
"";"";"2222";"JOSÉ WELLINGTON ROBERTO";"PR";"PSDB / PEN / PR / PTB / PSD / SD / PMN / PPS / PT do B / PTN / PRB / PSDC / PSC / PP";"1";"104.799"
"";"";"2511";"EFRAIM DE ARAÚJO MORAIS FILHO";"DEM";"PSB / DEM / PRTB / PDT / PRP / PV / PT / PSL / PC do B / PHS / PPL";"1";"103.477"
"";"";"1411";"JOSE WILSON SANTIAGO FILHO";"PTB";"PSDB / PEN / PR / PTB / PSD / SD / PMN / PPS / PT do B / PTN / PRB / PSDC / PSC / PP";"1";"95.746"
"";"";"5555";"RÔMULO JOSÉ DE GOUVEIA";"PSD";"PSDB / PEN / PR / PTB / PSD / SD / PMN / PPS / PT do B / PTN / PRB / PSDC / PSC / PP";"1";"84.820"
"";"";"1345";"LUIZ ALBUQUERQUE COUTO";"PT";"PSB / DEM / PRTB / PDT / PRP / PV / PT / PSL / PC do B / PHS / PPL";"1";"69.922"
"";"";"1212";"DAMIÃO FELICIANO DA SILVA";"PDT";"PSB / DEM / PRTB / PDT / PRP / PV / PT / PSL / PC do B / PHS / PPL";"1";"67.558"
"";"";"7777";"BENJAMIN GOMES MARANHÃO NETO";"SD";"PSDB / PEN / PR / PTB / PSD / SD / PMN / PPS / PT do B / PTN / PRB / PSDC / PSC / PP";"1";"63.433"
"";"";"";"";"";"";"";"1.338.699"
"PE";"";"1111";"EDUARDO HENRIQUE DA FONTE DE ALBUQUERQUE SILVA";"PP";"PSB / PMDB / PC do B / PV / PR / PSD / PPS / PSDB / SD / PPL / DEM / PROS / PP / PEN / PTC";"1";"283.567"
"";"";"4050";"FRANCISCO EURICO DA SILVA";"PSB";"PSB / PMDB / PC do B / PV / PR / PSD / PPS / PSDB / SD / PPL / DEM / PROS / PP / PEN / PTC";"1";"233.762"
"";"";"1515";"JARBAS DE ANDRADE VASCONCELOS";"PMDB";"PSB / PMDB / PC do B / PV / PR / PSD / PPS / PSDB / SD / PPL / DEM / PROS / PP / PEN / PTC";"1";"227.470"
"";"";"4004";"FELIPE AUGUSTO LYRA CARRERAS";"PSB";"PSB / PMDB / PC do B / PV / PR / PSD / PPS / PSDB / SD / PPL / DEM / PROS / PP / PEN / PTC";"1";"187.348"
"";"";"2222";"ANDERSON FERREIRA RODRIGUES";"PR";"PSB / PMDB / PC do B / PV / PR / PSD / PPS / PSDB / SD / PPL / DEM / PROS / PP / PEN / PTC";"1";"150.565"
"";"";"4545";"DANIEL PIRES COELHO";"PSDB";"PSB / PMDB / PC do B / PV / PR / PSD / PPS / PSDB / SD / PPL / DEM / PROS / PP / PEN / PTC";"1";"138.825"
"";"";"4511";"BRUNO CAVALCANTI DE ARAÚJO";"PSDB";"PSB / PMDB / PC do B / PV / PR / PSD / PPS / PSDB / SD / PPL / DEM / PROS / PP / PEN / PTC";"1";"131.768"
"";"";"4040";"JOAO FERNANDO PONTUAL COUTINHO";"PSB";"PSB / PMDB / PC do B / PV / PR / PSD / PPS / PSDB / SD / PPL / DEM / PROS / PP / PEN / PTC";"1";"120.059"
"";"";"2233";"SEBASTIAO IGNACIO DE OLIVEIRA JUNIOR";"PR";"PSB / PMDB / PC do B / PV / PR / PSD / PPS / PSDB / SD / PPL / DEM / PROS / PP / PEN / PTC";"1";"115.926"
"";"";"4010";"DANILO JORGE DE BARROS CABRAL";"PSB";"PSB / PMDB / PC do B / PV / PR / PSD / PPS / PSDB / SD / PPL / DEM / PROS / PP / PEN / PTC";"1";"113.588"
"";"";"4001";"FERNANDO BEZERRA DE SOUZA COELHO FILHO";"PSB";"PSB / PMDB / PC do B / PV / PR / PSD / PPS / PSDB / SD / PPL / DEM / PROS / PP / PEN / PTC";"1";"112.684"
"";"";"2020";"SILVIO SERAFIM COSTA";"PSC";"PTB / PT / PSC / PDT / PRB / PT do B";"1";"103.461"
"";"";"4020";"FRANCISCO TADEU BARBOSA DE ALENCAR";"PSB";"PSB / PMDB / PC do B / PV / PR / PSD / PPS / PSDB / SD / PPL / DEM / PROS / PP / PEN / PTC";"1";"102.669"
"";"";"4000";"LUIZ GONZAGA PATRIOTA";"PSB";"PSB / PMDB / PC do B / PV / PR / PSD / PPS / PSDB / SD / PPL / DEM / PROS / PP / PEN / PTC";"1";"101.452"
"";"";"5555";"ANDRE CARLOS ALVES DE PAULA FILHO";"PSD";"PSB / PMDB / PC do B / PV / PR / PSD / PPS / PSDB / SD / PPL / DEM / PROS / PP / PEN / PTC";"1";"100.875"
"";"";"1444";"ADALBERTO CAVALCANTI RODRIGUES";"PTB";"PTB / PT / PSC / PDT / PRB / PT do B";"1";"99.912"
"";"";"4012";"MARINALDO ROSENDO DE ALBUQUERQUE";"PSB";"PSB / PMDB / PC do B / PV / PR / PSD / PPS / PSDB / SD / PPL / DEM / PROS / PP / PEN / PTC";"1";"97.380"
"";"";"4500";"HEBERTE LAMARCK GOMES DA SILVA";"PSDB";"PSB / PMDB / PC do B / PV / PR / PSD / PPS / PSDB / SD / PPL / DEM / PROS / PP / PEN / PTC";"1";"97.269"
"";"";"1400";"JOSE CAVALCANTI ALVES JUNIOR";"PTB";"PTB / PT / PSC / PDT / PRB / PT do B";"1";"97.057"
"";"";"1414";"RICARDO TEOBALDO CAVALCANTI";"PTB";"PTB / PT / PSC / PDT / PRB / PT do B";"1";"92.262"
"";"";"2525";"JOSÉ MENDONÇA BEZERRA FILHO";"DEM";"PSB / PMDB / PC do B / PV / PR / PSD / PPS / PSDB / SD / PPL / DEM / PROS / PP / PEN / PTC";"1";"88.250"
"";"";"1234";"WOLNEY QUEIROZ MACIEL";"PDT";"PTB / PT / PSC / PDT / PRB / PT do B";"1";"86.739"
"";"";"1411";"JORGE WICKS CÔRTE REAL";"PTB";"PTB / PT / PSC / PDT / PRB / PT do B";"1";"86.023"
"";"";"6510";"LUCIANA BARBOSA DE OLIVEIRA SANTOS";"PC do B";"PSB / PMDB / PC do B / PV / PR / PSD / PPS / PSDB / SD / PPL / DEM / PROS / PP / PEN / PTC";"1";"85.053"
"";"";"3140";"KAIO CÉSAR DE MOURA MANIÇOBA NOVAES FERRAZ";"PHS";"PSDC / PTN / PRP / PSL / PHS / PRTB";"1";"28.585"
"";"";"";"";"";"";"";"3.082.549"
"PI";"";"1311";"REJANE RIBEIRO SOUSA DIAS";"PT";"PT / PP / PTB / PHS / PR / PROS / PRP / SD";"1";"134.157"
"";"";"4040";"ATILA FREITAS LIRA";"PSB";"PMDB / PTN / PTC / PDT / PSB / PSD / PRB / DEM / PSDC / PT do B / PC do B / PPS / PSDB";"1";"129.276"
"";"";"1111";"IRACEMA MARIA PORTELLA NUNES NOGUEIRA LIMA";"PP";"PT / PP / PTB / PHS / PR / PROS / PRP / SD";"1";"121.121"
"";"";"1515";"MARCELO COSTA E CASTRO";"PMDB";"PMDB / PTN / PTC / PDT / PSB / PSD / PRB / DEM / PSDC / PT do B / PC do B / PPS / PSDB";"1";"111.132"
"";"";"5555";"JULIO CESAR DE CARVALHO LIMA";"PSD";"PMDB / PTN / PTC / PDT / PSB / PSD / PRB / DEM / PSDC / PT do B / PC do B / PPS / PSDB";"1";"99.750"
"";"";"1313";"FRANCISCO DE ASSIS CARVALHO GONÇALVES";"PT";"PT / PP / PTB / PHS / PR / PROS / PRP / SD";"1";"94.093"
"";"";"4041";"RODRIGO RODRIGUES DE SOUZA MARTINS";"PSB";"PMDB / PTN / PTC / PDT / PSB / PSD / PRB / DEM / PSDC / PT do B / PC do B / PPS / PSDB";"1";"92.349"
"";"";"4036";"HERACLITO DE SOUSA FORTES";"PSB";"PMDB / PTN / PTC / PDT / PSB / PSD / PRB / DEM / PSDC / PT do B / PC do B / PPS / PSDB";"1";"90.898"
"";"";"1410";"JOSÉ FRANCISCO PAES LANDIM";"PTB";"PT / PP / PTB / PHS / PR / PROS / PRP / SD";"1";"82.549"
"";"";"1490";"FÁBIO ABREU COSTA";"PTB";"PT / PP / PTB / PHS / PR / PROS / PRP / SD";"1";"80.839"
"";"";"";"";"";"";"";"1.036.164"
"PR";"";"1900";"CHRISTIANE DE SOUZA YARED";"PTN";"PT / PDT / PRB / PTN / PC do B";"1";"200.144"
"";"";"1414";"ALEX CANZIANI SILVEIRA";"PTB";"PSDC / PEN / PTB / PHS / PMN / PROS";"1";"187.475"
"";"";"4545";"VALDIR LUIZ ROSSONI";"PSDB";"PSDB / DEM / PR / PSC / PT do B / PP / SD / PSD / PPS";"1";"177.324"
"";"";"1511";"JOÃO JOSÉ DE ARRUDA JUNIOR";"PMDB";"PMDB";"1";"176.370"
"";"";"2014";"HIDEKAZU TAKAYAMA";"PSC";"PSDB / DEM / PR / PSC / PT do B / PP / SD / PSD / PPS";"1";"162.952"
"";"";"7777";"FERNANDO DESTITO FRANCISCHINI";"SD";"PSDB / DEM / PR / PSC / PT do B / PP / SD / PSD / PPS";"1";"159.569"
"";"";"4040";"LUCIANO DUCCI";"PSB";"PSB";"1";"156.263"
"";"";"1310";"JOSÉ CARLOS BECKER DE OLIVEIRA E SILVA";"PT";"PT / PDT / PRB / PTN / PC do B";"1";"155.583"
"";"";"1122";"DILCEU JOÃO SPERAFICO";"PP";"PSDB / DEM / PR / PSC / PT do B / PP / SD / PSD / PPS";"1";"151.930"
"";"";"1540";"HERMES PARCIANELLO";"PMDB";"PMDB";"1";"150.213"
"";"";"2200";"FERNANDO LUCIO GIACOBO";"PR";"PSDB / DEM / PR / PSC / PT do B / PP / SD / PSD / PPS";"1";"144.305"
"";"";"1120";"MARCELO BELINATI MARTINS";"PP";"PSDB / DEM / PR / PSC / PT do B / PP / SD / PSD / PPS";"1";"137.817"
"";"";"1533";"OSMAR JOSE SERRAGLIO";"PMDB";"PMDB";"1";"117.048"
"";"";"2323";"SANDRO ALEX CRUZ DE OLIVEIRA";"PPS";"PSDB / DEM / PR / PSC / PT do B / PP / SD / PSD / PPS";"1";"116.909"
"";"";"1151";"RICARDO JOSÉ MAGALHÃES BARROS";"PP";"PSDB / DEM / PR / PSC / PT do B / PP / SD / PSD / PPS";"1";"114.396"
"";"";"1330";"ENIO JOSÉ VERRI";"PT";"PT / PDT / PRB / PTN / PC do B";"1";"107.508"
"";"";"2222";"LUIZ HILOSHI NISHIMORI";"PR";"PSDB / DEM / PR / PSC / PT do B / PP / SD / PSD / PPS";"1";"106.852"
"";"";"1111";"NELSON MEURER";"PP";"PSDB / DEM / PR / PSC / PT do B / PP / SD / PSD / PPS";"1";"106.478"
"";"";"2300";"RUBENS BUENO";"PPS";"PSDB / DEM / PR / PSC / PT do B / PP / SD / PSD / PPS";"1";"95.841"
"";"";"5533";"EVANDRO ROGÉRIO ROMAN";"PSD";"PSDB / DEM / PR / PSC / PT do B / PP / SD / PSD / PPS";"1";"92.042"
"";"";"4515";"LUIZ CARLOS JORGE HAULY";"PSDB";"PSDB / DEM / PR / PSC / PT do B / PP / SD / PSD / PPS";"1";"86.439"
"";"";"2023";"EDMAR DE SOUZA ARRUDA";"PSC";"PSDB / DEM / PR / PSC / PT do B / PP / SD / PSD / PPS";"1";"85.155"
"";"";"6565";"ALIEL MACHADO BARK";"PC do B";"PT / PDT / PRB / PTN / PC do B";"1";"82.886"
"";"";"4566";"JACOB ALFREDO STOFFELS KAEFER";"PSDB";"PSDB / DEM / PR / PSC / PT do B / PP / SD / PSD / PPS";"1";"82.554"
"";"";"4300";"LEANDRE DAL PONTE";"PV";"PV / PPL";"1";"81.181"
"";"";"1512";"SERGIO DE SOUZA";"PMDB";"PMDB";"1";"77.699"
"";"";"1314";"ASSIS MIGUEL DO COUTO";"PT";"PT / PDT / PRB / PTN / PC do B";"1";"76.116"
"";"";"1345";"ANTONIO WANDSCHEER";"PT";"PT / PDT / PRB / PTN / PC do B";"1";"71.822"
"";"";"3131";"DIEGO ALEXSANDER GONÇALO PAULA GARCIA";"PHS";"PSDC / PEN / PTB / PHS / PMN / PROS";"1";"61.063"
"";"";"4070";"LEOPOLDO COSTA MEYER";"PSB";"PSB";"1";"59.974"
"";"";"";"";"";"";"";"3.581.908"
"RJ";"";"1120";"JAIR MESSIAS BOLSONARO";"PP";"PMDB / PP / PSC / PSD / PTB";"1";"464.572"
"";"";"2222";"CLARISSA BARROS ASSED MATHEUS DE OLIVEIRA";"PR";"PR / PROS";"1";"335.061"
"";"";"1530";"EDUARDO COSENTINO DA CUNHA";"PMDB";"PMDB / PP / PSC / PSD / PTB";"1";"232.708"
"";"";"5050";"FRANCISCO RODRIGUES DE ALENCAR FILHO";"PSOL";"PSOL";"1";"195.964"
"";"";"1580";"LEONARDO CARNEIRO MONTEIRO PICCIANI";"PMDB";"PMDB / PP / PSC / PSD / PTB";"1";"180.741"
"";"";"1515";"PEDRO PAULO CARVALHO TEIXEIRA";"PMDB";"PMDB / PP / PSC / PSD / PTB";"1";"162.403"
"";"";"5005";"JEAN WYLLYS DE MATOS SANTOS";"PSOL";"PSOL";"1";"144.770"
"";"";"1010";"ROBERTO DA SILVA SALES";"PRB";"PRB";"1";"124.087"
"";"";"1577";"MARCO ANTÔNIO NEVES CABRAL";"PMDB";"PMDB / PP / PSC / PSD / PTB";"1";"119.584"
"";"";"4555";"OTAVIO SANTOS SILVA LEITE";"PSDB";"PSDB / PPS / DEM";"1";"106.398"
"";"";"5522";"FELIPE LEONE BORNIER DE OLIVEIRA";"PSD";"PMDB / PP / PSC / PSD / PTB";"1";"105.517"
"";"";"5577";"SÓSTENES SILVA CAVALCANTE";"PSD";"PMDB / PP / PSC / PSD / PTB";"1";"104.697"
"";"";"1516";"WASHINGTON REIS DE OLIVEIRA";"PMDB";"PMDB / PP / PSC / PSD / PTB";"1";"103.190"
"";"";"1033";"ROSANGELA DE SOUZA GOMES";"PRB";"PRB";"1";"101.686"
"";"";"1111";"JULIO LUIZ BAPTISTA LOPES";"PP";"PMDB / PP / PSC / PSD / PTB";"1";"96.796"
"";"";"5566";"ANTONIO PEDRO INDIO DA COSTA";"PSD";"PMDB / PP / PSC / PSD / PTB";"1";"91.523"
"";"";"1313";"ALESSANDRO LUCCIOLA MOLON";"PT";"PT / PSB / PC do B";"1";"87.003"
"";"";"9090";"HUGO LEAL MELO DA SILVA";"PROS";"PR / PROS";"1";"85.449"
"";"";"4080";"GLAUBER DE MEDEIROS BRAGA";"PSB";"PT / PSB / PC do B";"1";"82.236"
"";"";"1414";"CRISTIANE BRASIL FRANCISCO";"PTB";"PMDB / PP / PSC / PSD / PTB";"1";"81.817"
"";"";"6565";"JANDIRA FEGHALI";"PC do B";"PT / PSB / PC do B";"1";"68.531"
"";"";"2200";"JOAO FERREIRA NETO";"PR";"PR / PROS";"1";"65.624"
"";"";"1125";"SIMAO SESSIM";"PP";"PMDB / PP / PSC / PSD / PTB";"1";"58.825"
"";"";"1540";"CELSO PANSERA";"PMDB";"PMDB / PP / PSC / PSD / PTB";"1";"58.534"
"";"";"9000";"MIRO TEIXEIRA";"PROS";"PR / PROS";"1";"58.409"
"";"";"7733";"AUREO LIDIO MOREIRA RIBEIRO";"SD";"SD / PSL";"1";"58.117"
"";"";"5501";"SERGIO ZVEITER";"PSD";"PMDB / PP / PSC / PSD / PTB";"1";"57.587"
"";"";"5593";"AROLDE DE OLIVEIRA";"PSD";"PMDB / PP / PSC / PSD / PTB";"1";"55.380"
"";"";"2587";"RODRIGO FELINTO IBARRA EPITÁCIO MAIA";"DEM";"PSDB / PPS / DEM";"1";"53.167"
"";"";"1310";"FRANCISCO JOSÉ D'ANGELO PINTO";"PT";"PT / PSB / PC do B";"1";"52.809"
"";"";"5020";"BENEVENUTO DACIOLO FONSECA DOS SANTOS";"PSOL";"PSOL";"1";"49.831"
"";"";"1312";"LUIZ SERGIO NÓBREGA DE OLIVEIRA";"PT";"PT / PSB / PC do B";"1";"48.903"
"";"";"5570";"ALEXANDRE AUGUSTUS SERFIOTIS";"PSD";"PMDB / PP / PSC / PSD / PTB";"1";"48.879"
"";"";"1456";"WANDERLEY ALVES DE OLIVEIRA";"PTB";"PMDB / PP / PSC / PSD / PTB";"1";"48.874"
"";"";"1513";"SORAYA ALENCAR DOS SANTOS";"PMDB";"PMDB / PP / PSC / PSD / PTB";"1";"48.204"
"";"";"1377";"BENEDITA SOUZA DA SILVA SAMPAIO";"PT";"PT / PSB / PC do B";"1";"48.163"
"";"";"2288";"PAULO FERNANDO FEIJÓ TORRES";"PR";"PR / PROS";"1";"48.058"
"";"";"1200";"MARCELO VIVIANI GONÇALVES";"PDT";"PDT";"1";"47.370"
"";"";"1550";"FERNANDO ANTONIO CECILIANO JORDÃO";"PMDB";"PMDB / PP / PSC / PSD / PTB";"1";"47.188"
"";"";"2280";"FRANCISCO FLORIANO DE SOUSA SILVA";"PR";"PR / PROS";"1";"47.157"
"";"";"2211";"MARCOS BEZERRA RIBEIRO SOARES";"PR";"PR / PROS";"1";"44.440"
"";"";"2269";"ALTINEU CORTES FREITAS COUTINHO";"PR";"PR / PROS";"1";"40.593"
"";"";"1303";"FABIANO TAQUES HORTA";"PT";"PT / PSB / PC do B";"1";"37.989"
"";"";"7725";"EZEQUIEL CORTAZ TEIXEIRA";"SD";"SD / PSL";"1";"35.701"
"";"";"2727";"LUIZ CARLOS RAMOS";"PSDC";"PSDC / PMN / PTC";"1";"33.221"
"";"";"4415";"ALEXANDRE VALLE CARDOSO";"PRP";"PRP / PRTB / PPL";"1";"26.526"
"";"";"";"";"";"";"";"4.294.282"
"RN";"";"1511";"WALTER PEREIRA ALVES";"PMDB";"PMDB / PR / PSB / PROS / PDT / SD / PSC / DEM / PV / PMN / PRP / PSDB / PSDC / PRB";"1";"191.064"
"";"";"9090";"RAFAEL HUETE DA MOTTA";"PROS";"PMDB / PR / PSB / PROS / PDT / SD / PSC / DEM / PV / PMN / PRP / PSDB / PSDC / PRB";"1";"176.239"
"";"";"5555";"FÁBIO SALUSTINO MESQUITA DE FARIA";"PSD";"PSD / PT / PC do B / PT do B / PP / PEN";"1";"166.427"
"";"";"2222";"ZENAIDE MAIA CALADO PEREIRA DOS SANTOS";"PR";"PMDB / PR / PSB / PROS / PDT / SD / PSC / DEM / PV / PMN / PRP / PSDB / PSDC / PRB";"1";"134.588"
"";"";"2512";"FELIPE CATALÃO MAIA";"DEM";"PMDB / PR / PSB / PROS / PDT / SD / PSC / DEM / PV / PMN / PRP / PSDB / PSDC / PRB";"1";"113.722"
"";"";"4545";"ROGÉRIO SIMONETTI MARINHO";"PSDB";"PMDB / PR / PSB / PROS / PDT / SD / PSC / DEM / PV / PMN / PRP / PSDB / PSDC / PRB";"1";"81.534"
"";"";"3333";"ANTÔNIO JÁCOME DE LIMA JUNIOR";"PMN";"PMDB / PR / PSB / PROS / PDT / SD / PSC / DEM / PV / PMN / PRP / PSDB / PSDC / PRB";"1";"71.555"
"";"";"1111";"CARLOS ALBERTO DE SOUSA ROSADO SEGUNDO";"PP";"PSD / PT / PC do B / PT do B / PP / PEN";"1";"64.445"
"";"";"";"";"";"";"";"999.574"
"RO";"";"1515";"MARINHA CÉLIA ROCHA RAUPP DE MATOS";"PMDB";"PMDB / PRTB / PC do B / PDT / PRP / PSB / PTB / PSL / PTN";"1";"61.419"
"";"";"1234";"MARCOS ROGERIO DA SILVA BRITO";"PDT";"PMDB / PRTB / PC do B / PDT / PRP / PSB / PTB / PSL / PTN";"1";"60.780"
"";"";"4545";"MARIANA FONSECA RIBEIRO CARVALHO DE MORAES";"PSDB";"PSDB / PSDC / PSD / PEN / SD / PHS / PSC / PMN / PT do B / PRB / DEM";"1";"60.324"
"";"";"1406";"NILTON BALBINO";"PTB";"PMDB / PRTB / PC do B / PDT / PRP / PSB / PTB / PSL / PTN";"1";"42.353"
"";"";"1555";"LUCIO ANTONIO MOSQUINI";"PMDB";"PMDB / PRTB / PC do B / PDT / PRP / PSB / PTB / PSL / PTN";"1";"40.595"
"";"";"2222";"LUIZ CLAUDIO PEREIRA ALVES";"PR";"PP / PR / PPS / PTC / PV / PROS";"1";"33.737"
"";"";"7745";"EXPEDITO GONÇALVES FERREIRA NETTO";"SD";"PSDB / PSDC / PSD / PEN / SD / PHS / PSC / PMN / PT do B / PRB / DEM";"1";"25.691"
"";"";"1521";"LINDOMAR BARBOSA ALVES";"PMDB";"PMDB / PRTB / PC do B / PDT / PRP / PSB / PTB / PSL / PTN";"1";"24.146"
"";"";"";"";"";"";"";"349.045"
"RR";"";"4545";"SHÉRIDAN ESTERFANY OLIVEIRA DE ANCHIETA";"PSDB";"PSDB / PR / PRB / PSD / SD / PROS / PRP / PMDB / PSB / PTN";"1";"35.555"
"";"";"1011";"JOHNATHAN PEREIRA DE JESUS";"PRB";"PSDB / PR / PRB / PSD / SD / PROS / PRP / PMDB / PSB / PTN";"1";"20.677"
"";"";"2233";"REMIDIO MONAI MONTESSI";"PR";"PSDB / PR / PRB / PSD / SD / PROS / PRP / PMDB / PSB / PTN";"1";"15.492"
"";"";"1515";"EDIO VIEIRA LOPES";"PMDB";"PSDB / PR / PRB / PSD / SD / PROS / PRP / PMDB / PSB / PTN";"1";"15.290"
"";"";"3333";"HIRAN MANUEL GONÇALVES DA SILVA";"PMN";"PRTB / PHS / PPL / PMN / PEN / PSDC / PT do B / PSC / PSL / PPS";"1";"9.048"
"";"";"1234";"ABEL SALVADOR MESQUITA JUNIOR";"PDT";"PT / PDT / PV / PTC / PC do B";"1";"8.834"
"";"";"4040";"MARIA HELENA VERONESE RODRIGUES";"PSB";"PSDB / PR / PRB / PSD / SD / PROS / PRP / PMDB / PSB / PTN";"1";"7.481"
"";"";"3131";"CARLOS AUGUSTO ANDRADE SILVA";"PHS";"PRTB / PHS / PPL / PMN / PEN / PSDC / PT do B / PSC / PSL / PPS";"1";"6.733"
"";"";"";"";"";"";"";"119.110"
"RS";"";"1144";"LUIS CARLOS HEINZE";"PP";"PP / PRB / SD / PSDB";"1";"162.462"
"";"";"5501";"DANRLEI DE DEUS HINTERHOLZ";"PSD";"PSB / PPS / PSD / PT do B / PHS / PSL / PSDC";"1";"158.973"
"";"";"1500";"ALCEU MOREIRA DA SILVA";"PMDB";"PMDB";"1";"152.421"
"";"";"1515";"GIOVANI BATISTA FELTES";"PMDB";"PMDB";"1";"151.406"
"";"";"2522";"ONYX DORNELLES LORENZONI";"DEM";"PDT / PSC / PV / PEN / DEM";"1";"148.302"
"";"";"1307";"PAULO ROBERTO SEVERO PIMENTA";"PT";"PT";"1";"140.868"
"";"";"1314";"MARCO AURÉLIO SPALL MAIA";"PT";"PT";"1";"133.639"
"";"";"1166";"JOSÉ ALFONSO EBERT HAMM";"PP";"PP / PRB / SD / PSDB";"1";"132.202"
"";"";"1414";"LUIZ CARLOS GHIORZZI BUSATO";"PTB";"PTB / PC do B / PR / PPL / PROS / PTC";"1";"130.807"
"";"";"1313";"HENRIQUE FONTANA JUNIOR";"PT";"PT";"1";"128.981"
"";"";"1370";"MARIA DO ROSÁRIO NUNES";"PT";"PT";"1";"127.919"
"";"";"1522";"OSMAR GASPARINI TERRA";"PMDB";"PMDB";"1";"120.755"
"";"";"4545";"NELSON MARCHEZAN JUNIOR";"PSDB";"PP / PRB / SD / PSDB";"1";"119.375"
"";"";"1520";"MÁRCIO DELLA VALLE BIOLCHI";"PMDB";"PMDB";"1";"119.190"
"";"";"1355";"DIONILSO MATEUS MARCON";"PT";"PT";"1";"116.178"
"";"";"1221";"GIOVANI CHERINI";"PDT";"PDT / PSC / PV / PEN / DEM";"1";"115.294"
"";"";"1133";"JERÔNIMO PIZZOLOTTO GOERGEN";"PP";"PP / PRB / SD / PSDB";"1";"115.173"
"";"";"1412";"SÉRGIO IVAN MORAES";"PTB";"PTB / PC do B / PR / PPL / PROS / PTC";"1";"115.155"
"";"";"1111";"LUIS ANTONIO FRANCISCATTO COVATTI";"PP";"PP / PRB / SD / PSDB";"1";"115.131"
"";"";"1502";"DARCISIO PAULO PERONDI";"PMDB";"PMDB";"1";"109.864"
"";"";"1301";"GILBERTO JOSÉ SPIER VARGAS";"PT";"PT";"1";"109.469"
"";"";"6565";"JOÃO DERLY DE OLIVEIRA NUNES JUNIOR";"PC do B";"PTB / PC do B / PR / PPL / PROS / PTC";"1";"106.991"
"";"";"1122";"RENATO DELMAR MOLLING";"PP";"PP / PRB / SD / PSDB";"1";"102.770"
"";"";"4012";"HEITOR JOSE SCHUCH";"PSB";"PSB / PPS / PSD / PT do B / PHS / PSL / PSDC";"1";"101.243"
"";"";"1320";"ELVINO JOSE BOHN GASS";"PT";"PT";"1";"100.841"
"";"";"1011";"ANTONIO CARLOS GOMES DA SILVA";"PRB";"PP / PRB / SD / PSDB";"1";"92.323"
"";"";"1212";"DARCI POMPEO DE MATTOS";"PDT";"PDT / PSC / PV / PEN / DEM";"1";"91.849"
"";"";"1200";"AFONSO ANTUNES DA MOTTA";"PDT";"PDT / PSC / PV / PEN / DEM";"1";"90.917"
"";"";"1112";"JOSÉ OTAVIO GERMANO";"PP";"PP / PRB / SD / PSDB";"1";"81.503"
"";"";"1423";"RONALDO NOGUEIRA DE OLIVEIRA";"PTB";"PTB / PC do B / PR / PPL / PROS / PTC";"1";"77.017"
"";"";"4080";"JOSE LUIZ STEDILE";"PSB";"PSB / PPS / PSD / PT do B / PHS / PSL / PSDC";"1";"60.523"
"";"";"";"";"";"";"";"3.629.541"
"SC";"";"1133";"ESPERIDIÃO AMIN HELOU FILHO";"PP";"PP / PPS / PRTB / PHS / PSDB / PEN / SD / PTC / PSB";"1";"229.668"
"";"";"5555";"JOÃO RODRIGUES";"PSD";"PSD / PC do B / PV / PMDB / PR / PTB / PSC / PSDC / PROS / PRB / PDT / DEM";"1";"221.409"
"";"";"1570";"MAURO MARIANI";"PMDB";"PSD / PC do B / PV / PMDB / PR / PTB / PSC / PSDC / PROS / PRB / PDT / DEM";"1";"195.942"
"";"";"2223";"JORGINHO DOS SANTOS MELLO";"PR";"PSD / PC do B / PV / PMDB / PR / PTB / PSC / PSDC / PROS / PRB / PDT / DEM";"1";"140.839"
"";"";"1510";"ROGERIO MENDONÇA";"PMDB";"PSD / PC do B / PV / PMDB / PR / PTB / PSC / PSDC / PROS / PRB / PDT / DEM";"1";"137.784"
"";"";"1350";"PEDRO FRANCISCO UCZAI";"PT";"PT";"1";"135.439"
"";"";"4545";"MARCO ANTONIO TEBALDI";"PSDB";"PP / PPS / PRTB / PHS / PSDB / PEN / SD / PTC / PSB";"1";"135.042"
"";"";"5588";"JOÃO PAULO KARAM KLEINUBING";"PSD";"PSD / PC do B / PV / PMDB / PR / PTB / PSC / PSDC / PROS / PRB / PDT / DEM";"1";"132.349"
"";"";"1105";"JORGE CATARINO LEONARDELI BOEIRA";"PP";"PP / PPS / PRTB / PHS / PSDB / PEN / SD / PTC / PSB";"1";"123.770"
"";"";"1516";"VALDIR COLATTO";"PMDB";"PSD / PC do B / PV / PMDB / PR / PTB / PSC / PSDC / PROS / PRB / PDT / DEM";"1";"115.431"
"";"";"1313";"DÉCIO NERY DE LIMA";"PT";"PT";"1";"112.366"
"";"";"5510";"CESAR ANTONIO DE SOUZA";"PSD";"PSD / PC do B / PV / PMDB / PR / PTB / PSC / PSDC / PROS / PRB / PDT / DEM";"1";"110.777"
"";"";"1560";"CELSO MALDANER";"PMDB";"PSD / PC do B / PV / PMDB / PR / PTB / PSC / PSDC / PROS / PRB / PDT / DEM";"1";"110.436"
"";"";"1509";"RONALDO JOSÉ BENEDET";"PMDB";"PSD / PC do B / PV / PMDB / PR / PTB / PSC / PSDC / PROS / PRB / PDT / DEM";"1";"105.303"
"";"";"2323";"CARMEN EMÍLIA BONFÁ ZANOTTO";"PPS";"PP / PPS / PRTB / PHS / PSDB / PEN / SD / PTC / PSB";"1";"78.607"
"";"";"4577";"GEOVANIA DE SA RODRIGUES";"PSDB";"PP / PPS / PRTB / PHS / PSDB / PEN / SD / PTC / PSB";"1";"52.757"
"";"";"";"";"";"";"";"2.137.919"
"SE";"";"1414";"ADELSON BARRETO DOS SANTOS";"PTB";"PP / PTB / PSL / PSC / PR / PPS / DEM / PHS / PTC / PV / PSDB / PEN / PT do B / SD";"1";"131.236"
"";"";"7777";"LAÉRCIO JOSÉ DE OLIVEIRA";"SD";"PP / PTB / PSL / PSC / PR / PPS / DEM / PHS / PTC / PV / PSDB / PEN / PT do B / SD";"1";"84.198"
"";"";"5555";"FÁBIO CRUZ MITIDIERI";"PSD";"PT / PDT / PSB / PMDB / PC do B / PRP / PROS / PSD / PRB / PSDC";"1";"83.401"
"";"";"1515";"FÁBIO DE ALMEIDA REIS";"PMDB";"PT / PDT / PSB / PMDB / PC do B / PRP / PROS / PSD / PRB / PSDC";"1";"80.895"
"";"";"2000";"ANDRE LUIS DANTAS FERREIRA";"PSC";"PP / PTB / PSL / PSC / PR / PPS / DEM / PHS / PTC / PV / PSDB / PEN / PT do B / SD";"1";"71.523"
"";"";"4040";"ANTONIO CARLOS VALADARES FILHO";"PSB";"PT / PDT / PSB / PMDB / PC do B / PRP / PROS / PSD / PRB / PSDC";"1";"68.199"
"";"";"1010";"JONY MARCOS DE SOUZA ARAÚJO";"PRB";"PT / PDT / PSB / PMDB / PC do B / PRP / PROS / PSD / PRB / PSDC";"1";"53.455"
"";"";"1311";"JOÃO SOMARIVA DANIEL";"PT";"PT / PDT / PSB / PMDB / PC do B / PRP / PROS / PSD / PRB / PSDC";"1";"52.959"
"";"";"";"";"";"";"";"625.866"
"SP";"";"1000";"CELSO UBIRAJARA RUSSOMANNO";"PRB";"PRB";"1";"1.524.361"
"";"";"2222";"FRANCISCO EVERARDO OLIVEIRA SILVA";"PR";"PR";"1";"1.016.796"
"";"";"2010";"MARCO ANTONIO FELICIANO";"PSC";"PSC";"1";"398.087"
"";"";"4567";"BRUNO COVAS LOPES";"PSDB";"PSDB / DEM / PPS";"1";"352.708"
"";"";"2525";"RODRIGO GARCIA";"DEM";"PSDB / DEM / PPS";"1";"336.151"
"";"";"4500";"CARLOS HENRIQUE FOCESI SAMPAIO";"PSDB";"PSDB / DEM / PPS";"1";"295.623"
"";"";"4545";"ANTONIO DUARTE NOGUEIRA JUNIOR";"PSDB";"PSDB / DEM / PPS";"1";"254.051"
"";"";"1111";"PAULO SALIM MALUF";"PP";"PMDB / PROS / PP / PSD";"1";"250.296"
"";"";"4565";"JOSÉ RICARDO ALVARENGA TRIPOLI";"PSDB";"PSDB / DEM / PPS";"1";"233.806"
"";"";"4580";"SAMUEL MOREIRA DA SILVA JUNIOR";"PSDB";"PSDB / DEM / PPS";"1";"227.210"
"";"";"7777";"PAULO PEREIRA DA SILVA";"SD";"SD";"1";"227.186"
"";"";"1515";"LUIZ FELIPE BALEIA TENUTO ROSSI";"PMDB";"PMDB / PROS / PP / PSD";"1";"208.352"
"";"";"4515";"EDUARDO PEDROSA CURY";"PSDB";"PSDB / DEM / PPS";"1";"185.638"
"";"";"2299";"MARCIO LUIZ ALVINO DE SOUZA";"PR";"PR";"1";"179.950"
"";"";"1200";"SERGIO OLIMPIO GOMES";"PDT";"PDT";"1";"179.196"
"";"";"2500";"JORGE TADEU MUDALEN";"DEM";"PSDB / DEM / PPS";"1";"178.771"
"";"";"4585";"BRUNA DIAS FURLAN";"PSDB";"PSDB / DEM / PPS";"1";"178.606"
"";"";"4021";"LUIZA ERUNDINA DE SOUSA";"PSB";"PSB";"1";"177.279"
"";"";"4510";"VITOR LIPPI";"PSDB";"PSDB / DEM / PPS";"1";"176.153"
"";"";"4540";"SILVIO FRANÇA TORRES";"PSDB";"PSDB / DEM / PPS";"1";"175.310"
"";"";"1354";"ANDRES NAVARRO SANCHEZ";"PT";"PT / PC do B";"1";"169.834"
"";"";"5050";"IVAN VALENTE";"PSOL";"PSOL / PSTU";"1";"168.928"
"";"";"4547";"MIGUEL MOUBADDA HADDAD";"PSDB";"PSDB / DEM / PPS";"1";"168.278"
"";"";"2343";"ALEX SPINELLI MANENTE";"PPS";"PSDB / DEM / PPS";"1";"164.760"
"";"";"5544";"JEFFERSON ALVES DE CAMPOS";"PSD";"PMDB / PROS / PP / PSD";"1";"161.790"
"";"";"1100";"GUILHERME MUSSI FERREIRA";"PP";"PMDB / PROS / PP / PSD";"1";"156.297"
"";"";"2345";"ARNALDO CALIL PEREIRA JARDIM";"PPS";"PSDB / DEM / PPS";"1";"155.278"
"";"";"4517";"MARA CRISTINA GABRILLI";"PSDB";"PSDB / DEM / PPS";"1";"155.143"
"";"";"1155";"JOSE OLÍMPIO SILVEIRA MORAES";"PP";"PMDB / PROS / PP / PSD";"1";"154.597"
"";"";"4551";"VANDERLEI MACRIS";"PSDB";"PSDB / DEM / PPS";"1";"148.449"
"";"";"1370";"CARLOS ALBERTO ROLIM ZARATTINI";"PT";"PT / PC do B";"1";"138.286"
"";"";"1010";"ANTONIO CARLOS MARTINS DE BULHÕES";"PRB";"PRB";"1";"137.939"
"";"";"1322";"ARLINDO CHIGNALIA JUNIOR";"PT";"PT / PC do B";"1";"135.772"
"";"";"2577";"ADRIANO ELI CORREA";"DEM";"PSDB / DEM / PPS";"1";"134.138"
"";"";"1078";"BENEDITO ROBERTO ALVES FERREIRA";"PRB";"PRB";"1";"130.516"
"";"";"1321";"ANA LUCIA LIPPAUS PERUGINI";"PT";"PT / PC do B";"1";"121.681"
"";"";"2020";"GILBERTO NASCIMENTO SILVA";"PSC";"PSC";"1";"120.044"
"";"";"1301";"VICENTE CANDIDO DA SILVA";"PT";"PT / PC do B";"1";"117.652"
"";"";"4522";"JOAO PAULO TAVARES PAPA";"PSDB";"PSDB / DEM / PPS";"1";"117.590"
"";"";"2255";"MILTON ANTONIO CASQUEL MONTI";"PR";"PR";"1";"115.942"
"";"";"4544";"ANTONIO FLORIANO PEREIRA PESARO";"PSDB";"PSDB / DEM / PPS";"1";"113.949"
"";"";"5533";"RICARDO IZAR JUNIOR";"PSD";"PMDB / PROS / PP / PSD";"1";"113.547"
"";"";"1452";"ARNALDO FARIA DE SÁ";"PTB";"PTB";"1";"112.940"
"";"";"1523";"EDSON EDINHO COELHO ARAUJO";"PMDB";"PMDB / PROS / PP / PSD";"1";"112.780"
"";"";"1434";"NELSON MARQUEZELLI";"PTB";"PTB";"1";"112.711"
"";"";"1398";"LUIZ PAULO TEIXEIRA FERREIRA";"PT";"PT / PC do B";"1";"111.301"
"";"";"2233";"PAULO ROBERTO FREIRE DA COSTA";"PR";"PR";"1";"111.300"
"";"";"2513";"ALEXANDRE LEITE DA SILVA";"DEM";"PSDB / DEM / PPS";"1";"109.708"
"";"";"4336";"EVANDRO HERRERA BERTONE GUSSI";"PV";"PV";"1";"109.591"
"";"";"4000";"LUIZ LAURO FERREIRA FILHO";"PSB";"PSB";"1";"105.247"
"";"";"4096";"IOLANDA KEIKO MIASHIRO OTA";"PSB";"PSB";"1";"102.963"
"";"";"1353";"NILTO IGNÁCIO TATTO";"PT";"PT / PC do B";"1";"101.196"
"";"";"5555";"HERCULANO CASTILHO PASSOS JUNIOR";"PSD";"PMDB / PROS / PP / PSD";"1";"92.583"
"";"";"5580";"ANTONIO GOULART DOS REIS";"PSD";"PMDB / PROS / PP / PSD";"1";"92.546"
"";"";"6565";"ORLANDO SILVA DE JESUS JUNIOR";"PC do B";"PT / PC do B";"1";"90.641"
"";"";"4030";"FLAVIO AUGUSTO DA SILVA";"PSB";"PSB";"1";"90.437"
"";"";"1390";"VICENTE PAULO DA SILVA";"PT";"PT / PC do B";"1";"89.001"
"";"";"1919";"RENATA HELLMEISTER DE ABREU";"PTN";"PSL / PTN / PMN / PTC / PT do B";"1";"86.647"
"";"";"1335";"VALMIR PRASCIDELLI";"PT";"PT / PC do B";"1";"84.419"
"";"";"1332";"JOSE MENTOR GUILHERME DE MELLO NETTO";"PT";"PT / PC do B";"1";"82.368"
"";"";"2070";"EDUARDO NANTES BOLSONARO";"PSC";"PSC";"1";"82.224"
"";"";"1085";"VINICIUS RAPOZO DE CARVALHO";"PRB";"PRB";"1";"80.643"
"";"";"4344";"ROBERTO ALVES DE LUCENA";"PV";"PV";"1";"67.191"
"";"";"4311";"SINVAL MALHEIROS PINTO JUNIOR";"PV";"PV";"1";"59.362"
"";"";"2200";"JOSE AUGUSTO ROSA";"PR";"PR";"1";"46.905"
"";"";"1011";"SERGIO BAVINI";"PRB";"PRB";"1";"45.330"
"";"";"2277";"MIGUEL LOMBARDI";"PR";"PR";"1";"32.080"
"";"";"1044";"PAULO ROBERTO GOMES MANSUR";"PRB";"PRB";"1";"31.301"
"";"";"1080";"MARCELO SQUASSONI";"PRB";"PRB";"1";"30.315"
"";"";"1023";"FAUSTO RUY PINATO";"PRB";"PRB";"1";"22.097"
"";"";"";"";"";"";"";"12.151.767"
"TO";"";"1511";"DULCE FERREIRA PAGANI MIRANDA";"PMDB";"PMDB / PV / PT / PSD";"1";"75.934"
"";"";"5510";"IRAJÁ SILVESTRE FILHO";"PSD";"PMDB / PV / PT / PSD";"1";"62.859"
"";"";"1500";"JOSINIANE BRAGA NUNES";"PMDB";"PMDB / PV / PT / PSD";"1";"53.452"
"";"";"4040";"VICENTE ALVES DE OLIVEIRA JUNIOR";"PSB";"PRB / PP / PDT / PTB / PSL / PSC / PR / PPS / DEM / PRTB / PHS / PTC / PSB / PRP / PSDB / PEN / SD";"1";"51.069"
"";"";"1010";"CESAR HANNA HALUM";"PRB";"PRB / PP / PDT / PTB / PSL / PSC / PR / PPS / DEM / PRTB / PHS / PTC / PSB / PRP / PSDB / PEN / SD";"1";"46.119"
"";"";"1515";"CARLOS HENRIQUE AMORIM";"PMDB";"PMDB / PV / PT / PSD";"1";"44.739"
"";"";"1145";"LÁZARO BOTELHO MARTINS";"PP";"PRB / PP / PDT / PTB / PSL / PSC / PR / PPS / DEM / PRTB / PHS / PTC / PSB / PRP / PSDB / PEN / SD";"1";"42.935"
"";"";"2580";"MARIA AUXILIADORA SEABRA REZENDE";"DEM";"PRB / PP / PDT / PTB / PSL / PSC / PR / PPS / DEM / PRTB / PHS / PTC / PSB / PRP / PSDB / PEN / SD";"1";"41.802"
"";"";"";"";"";"";"";"58.134.484"
"";"";"";"";"";"";"";"418.909"
"";"";"";"";"";"";"";"58.134.484"
"";"";"";"";"";"";"";"58.134.484"
